Zip,Area
37201,Downtown Nashville
37203,Wedgewood / Edgehill / Parthenon / Westend DownTown /The Gulch
37204,12 South / Belmont / Lipscomb / Green Hills / Oak Hill / Edgehill
37205,Belle Meade / West Meade / West End
37206,East Nashville
37207,North Nashville / Dickerson Pike East Nashville Area
37208,Germantown
37209,Sylvan Park / Sylvan Heights 
37210,South Nashville / Sterling Heights / Woodbine / Spence Lane / Briley Parkway / Nolensville Rd - 440
37211,South East of Brentwood / Crieve Hall / Bradford Hills / Cane Rdidge
37212,Music Row / Vanderbilt / Hillsboro Village / Belmont
37214,Donelson / Airport
37215,Green Hills / Forest Hills / Belle Meade
37216,Inglewood
37217,Edge O Lake / Priest Lake 
37218,Bordeaux
37219,Downtown
37220,Oak Hill / Crieve Hall / North Brentwood
37221,Bellevue
37013,Antioch/Cain Ridge
37076,Hermitage
37115,Madison
37138,Old Hickory
37072,Goodletsville